"id","user_choice","carrier_1","carrier_2","amount_of_delays_1","amount_of_delays_2","amount_of_flights_1","amount_of_flights_2","chance_of_accident_1","chance_of_accident_2","chance_of_delay_1","chance_of_delay_2","mean_of_delay_1","mean_of_delay_2","number_of_accidents_1","number_of_accidents_2"
"17","1","Virgin","USAirways","145536","1069473","389060","3113545","0.00","0.00","0.37","0.34","13.78","9.55","0","90"
"18","2","Hawaiian","Northwest","283846","1338000","974254","3203925","0.00","0.00","0.29","0.42","4.97","12.10","0","120"
"19","2","9","Spirit","1615","2823656","7800","8540784","0.00","0.00","0.21","0.33","2.97","14.37","0","648"
"20","2","Mesa","Spirit","611135","2823656","1803317","8540784","0.00","0.00","0.34","0.33","13.07","14.37","0","648"
"21","2","Horizon","Comair","25049","512409","88860","1418873","0.00","0.00","0.28","0.36","6.72","14.28","0","81"
"22","1","Mesa","American","611135","248202548","1803317","708665648","0.00","0.00","0.34","0.35","13.07","13.13","0","12540"
"23","1","Delux","USAirways","579635","1069473","1483590","3113545","0.00","0.00","0.39","0.34","14.46","9.55","0","90"
"24","1","Endeavor","Air","1635432","529686","5993664","1482255","0.00","0.00","0.27","0.36","10.87","10.80","279","0"
"25","2","Continental","Mesa","4348960","611135","10412030","1803317","0.00","0.00","0.42","0.34","12.91","13.07","480","0"
"26","2","Allegiant","Delta","406062","294308014","1161735","1020209890","0.00","0.00","0.35","0.29","16.41","9.97","135","16170"
"27","2","Mesa","Atlantic","611135","11143434","1803317","31170774","0.00","0.00","0.34","0.36","13.07","15.97","0","918"
"30","1","Southwest","United","421452433","139137108","1196851644","429971388","0.00","0.00","0.35","0.32","10.22","12.70","12045","10890"
"31","2","United","Continental","139137108","4348960","429971388","10412030","0.00","0.00","0.32","0.42","12.70","12.91","10890","480"
"32","1","Spirit","Delux","2823656","579635","8540784","1483590","0.00","0.00","0.33","0.39","14.37","14.46","648","0"
"33","2","Spirit","Republic","2823656","2947750","8540784","11138260","0.00","0.00","0.33","0.26","14.37","10.67","648","450"
"34","1","Frontier","Mesa","530019","611135","1324472","1803317","0.00","0.00","0.40","0.34","14.50","13.07","0","0"
"35","2","Delux","Continental","579635","4348960","1483590","10412030","0.00","0.00","0.39","0.42","14.46","12.91","0","480"
"36","1","Delta","Allegiant","294308014","406062","1020209890","1161735","0.00","0.00","0.29","0.35","9.97","16.41","16170","135"
"37","1","Endeavor","Jetblue","1635432","18165240","5993664","48988935","0.00","0.00","0.27","0.37","10.87","16.17","279","2475"
"38","2","Air","Sky","529686","2882553","1482255","8819493","0.00","0.00","0.36","0.33","10.80","12.56","0","0"
"39","2","Republic","Endeavor","2947750","1635432","11138260","5993664","0.00","0.00","0.26","0.27","10.67","10.87","450","279"
"40","2","Jetblue","Atlantic","18165240","11143434","48988935","31170774","0.00","0.00","0.37","0.36","16.17","15.97","2475","918"
"41","2","Atlantic","Horizon","11143434","25049","31170774","88860","0.00","0.00","0.36","0.28","15.97","6.72","918","0"
"42","2","Envoy","USAirways","6369892","1069473","17740932","3113545","0.00","0.00","0.36","0.34","13.31","9.55","564","90"
"43","1","Jetblue","Mesa","18165240","611135","48988935","1803317","0.00","0.00","0.37","0.34","16.17","13.07","2475","0"
"44","2","Mesa","Sky","611135","2882553","1803317","8819493","0.00","0.00","0.34","0.33","13.07","12.56","0","0"
"45","2","American","Continental","248202548","4348960","708665648","10412030","0.00","0.00","0.35","0.42","13.13","12.91","12540","480"
"46","2","Southwest","Hawaiian","421452433","283846","1196851644","974254","0.00","0.00","0.35","0.29","10.22","4.97","12045","0"
"47","2","American","Mesa","248202548","611135","708665648","1803317","0.00","0.00","0.35","0.34","13.13","13.07","12540","0"
"48","1","Sky","Delta","2882553","294308014","8819493","1020209890","0.00","0.00","0.33","0.29","12.56","9.97","0","16170"
"49","1","Sky","Delta","2882553","294308014","8819493","1020209890","0.00","0.00","0.33","0.29","12.56","9.97","0","16170"
"50","1","Sky","Delta","2882553","294308014","8819493","1020209890","0.00","0.00","0.33","0.29","12.56","9.97","0","16170"
"51","1","Sky","Delta","2882553","294308014","8819493","1020209890","0.00","0.00","0.33","0.29","12.56","9.97","0","16170"
"52","1","Sky","Delta","2882553","294308014","8819493","1020209890","0.00","0.00","0.33","0.29","12.56","9.97","0","16170"
"53","2","Horizon","Mesa","25049","611135","88860","1803317","0.00","0.00","0.28","0.34","6.72","13.07","0","0"
"54","2","Endeavor","Republic","1635432","2947750","5993664","11138260","0.00","0.00","0.27","0.26","10.87","10.67","279","450"
"55","1","Air","USAirways","529686","1069473","1482255","3113545","0.00","0.00","0.36","0.34","10.80","9.55","0","90"
"56","1","Delta","Continental","294308014","4348960","1020209890","10412030","0.00","0.00","0.29","0.42","9.97","12.91","16170","480"
"57","1","United","Spirit","139137108","2823656","429971388","8540784","0.00","0.00","0.32","0.33","12.70","14.37","10890","648"
"58","1","Air","Envoy","529686","6369892","1482255","17740932","0.00","0.00","0.36","0.36","10.80","13.31","0","564"
"59","1","Endeavor","Jetblue","1635432","18165240","5993664","48988935","0.00","0.00","0.27","0.37","10.87","16.17","279","2475"
"60","2","9","Delta","1615","294308014","7800","1020209890","0.00","0.00","0.21","0.29","2.97","9.97","0","16170"
"61","1","USAirways","Northwest","1069473","1338000","3113545","3203925","0.00","0.00","0.34","0.42","9.55","12.10","90","120"
"62","1","Sky","Delux","2882553","579635","8819493","1483590","0.00","0.00","0.33","0.39","12.56","14.46","0","0"
"63","1","Mesa","Allegiant","611135","406062","1803317","1161735","0.00","0.00","0.34","0.35","13.07","16.41","0","135"
"64","1","Delux","Jetblue","579635","18165240","1483590","48988935","0.00","0.00","0.39","0.37","14.46","16.17","0","2475"
"65","2","Allegiant","Hawaiian","406062","283846","1161735","974254","0.00","0.00","0.35","0.29","16.41","4.97","135","0"
"66","2","9","Envoy","1615","6369892","7800","17740932","0.00","0.00","0.21","0.36","2.97","13.31","0","564"
"67","1","Delux","Atlantic","579635","11143434","1483590","31170774","0.00","0.00","0.39","0.36","14.46","15.97","0","918"
"68","2","Republic","Mesa","2947750","611135","11138260","1803317","0.00","0.00","0.26","0.34","10.67","13.07","450","0"
"69","1","Southwest","Atlantic","421452433","11143434","1196851644","31170774","0.00","0.00","0.35","0.36","10.22","15.97","12045","918"
"70","1","Delta","USAirways","294308014","1069473","1020209890","3113545","0.00","0.00","0.29","0.34","9.97","9.55","16170","90"
"71","2","Endeavor","Mesa","1635432","611135","5993664","1803317","0.00","0.00","0.27","0.34","10.87","13.07","279","0"
"72","1","Delux","Endeavor","579635","1635432","1483590","5993664","0.00","0.00","0.39","0.27","14.46","10.87","0","279"
"73","1","Frontier","Envoy","530019","6369892","1324472","17740932","0.00","0.00","0.40","0.36","14.50","13.31","0","564"
"74","2","Spirit","Southwest","2823656","421452433","8540784","1196851644","0.00","0.00","0.33","0.35","14.37","10.22","648","12045"
"75","1","Hawaiian","Virgin","283846","145536","974254","389060","0.00","0.00","0.29","0.37","4.97","13.78","0","0"
"76","1","Comair","9","512409","1615","1418873","7800","0.00","0.00","0.36","0.21","14.28","2.97","81","0"
"77","1","Hawaiian","Republic","283846","2947750","974254","11138260","0.00","0.00","0.29","0.26","4.97","10.67","0","450"
"78","1","American","Jetblue","248202548","18165240","708665648","48988935","0.00","0.00","0.35","0.37","13.13","16.17","12540","2475"
"79","1","United","Comair","139137108","512409","429971388","1418873","0.00","0.00","0.32","0.36","12.70","14.28","10890","81"
"80","1","Delta","United","294308014","139137108","1020209890","429971388","0.00","0.00","0.29","0.32","9.97","12.70","16170","10890"
"81","2","Allegiant","Virgin","406062","145536","1161735","389060","0.00","0.00","0.35","0.37","16.41","13.78","135","0"
"82","1","USAirways","Spirit","1069473","2823656","3113545","8540784","0.00","0.00","0.34","0.33","9.55","14.37","90","648"
"83","2","Alaska","Envoy","3681525","6369892","11763350","17740932","0.00","0.00","0.31","0.36","7.98","13.31","825","564"
"84","1","Air","American","529686","248202548","1482255","708665648","0.00","0.00","0.36","0.35","10.80","13.13","0","12540"
"85","2","Envoy","Delta","6369892","294308014","17740932","1020209890","0.00","0.00","0.36","0.29","13.31","9.97","564","16170"
"86","1","Republic","Endeavor","2947750","1635432","11138260","5993664","0.00","0.00","0.26","0.27","10.67","10.87","450","279"
"87","2","Delux","Sky","579635","2882553","1483590","8819493","0.00","0.00","0.39","0.33","14.46","12.56","0","0"
"88","1","Sky","Envoy","2882553","6369892","8819493","17740932","0.00","0.00","0.33","0.36","12.56","13.31","0","564"
"89","2","Spirit","American","2823656","248202548","8540784","708665648","0.00","0.00","0.33","0.35","14.37","13.13","648","12540"
"90","1","Delta","American","294308014","248202548","1020209890","708665648","0.00","0.00","0.29","0.35","9.97","13.13","16170","12540"
"91","1","9","Endeavor","1615","1635432","7800","5993664","0.00","0.00","0.21","0.27","2.97","10.87","0","279"
"92","2","Spirit","Alaska","2823656","3681525","8540784","11763350","0.00","0.00","0.33","0.31","14.37","7.98","648","825"
"93","2","United","Delux","139137108","579635","429971388","1483590","0.00","0.00","0.32","0.39","12.70","14.46","10890","0"
"94","1","United","Northwest","139137108","1338000","429971388","3203925","0.00","0.00","0.32","0.42","12.70","12.10","10890","120"
"95","2","Delux","Mesa","579635","611135","1483590","1803317","0.00","0.00","0.39","0.34","14.46","13.07","0","0"
"96","2","Allegiant","American","406062","248202548","1161735","708665648","0.00","0.00","0.35","0.35","16.41","13.13","135","12540"
"97","1","Delta","Southwest","294308014","421452433","1020209890","1196851644","0.00","0.00","0.29","0.35","9.97","10.22","16170","12045"
"98","1","Republic","Alaska","2947750","3681525","11138260","11763350","0.00","0.00","0.26","0.31","10.67","7.98","450","825"
"99","1","Mesa","Envoy","611135","6369892","1803317","17740932","0.00","0.00","0.34","0.36","13.07","13.31","0","564"
"100","1","Envoy","Allegiant","6369892","406062","17740932","1161735","0.00","0.00","0.36","0.35","13.31","16.41","564","135"
"101","2","Continental","Atlantic","4348960","11143434","10412030","31170774","0.00","0.00","0.42","0.36","12.91","15.97","480","918"
"102","1","Allegiant","Horizon","406062","25049","1161735","88860","0.00","0.00","0.35","0.28","16.41","6.72","135","0"
"103","1","Republic","Continental","2947750","4348960","11138260","10412030","0.00","0.00","0.26","0.42","10.67","12.91","450","480"
"104","2","United","Delux","139137108","579635","429971388","1483590","0.00","0.00","0.32","0.39","12.70","14.46","10890","0"
"105","1","Endeavor","Spirit","1635432","2823656","5993664","8540784","0.00","0.00","0.27","0.33","10.87","14.37","279","648"
"106","1","Delux","Virgin","579635","145536","1483590","389060","0.00","0.00","0.39","0.37","14.46","13.78","0","0"
"107","2","9","Air","1615","529686","7800","1482255","0.00","0.00","0.21","0.36","2.97","10.80","0","0"
"108","2","Horizon","Atlantic","25049","11143434","88860","31170774","0.00","0.00","0.28","0.36","6.72","15.97","0","918"
"109","1","Delux","Allegiant","579635","406062","1483590","1161735","0.00","0.00","0.39","0.35","14.46","16.41","0","135"
"110","2","Allegiant","Northwest","406062","1338000","1161735","3203925","0.00","0.00","0.35","0.42","16.41","12.10","135","120"
"111","2","Continental","United","4348960","139137108","10412030","429971388","0.00","0.00","0.42","0.32","12.91","12.70","480","10890"
"112","1","United","Hawaiian","139137108","283846","429971388","974254","0.00","0.00","0.32","0.29","12.70","4.97","10890","0"
"113","1","American","Spirit","248202548","2823656","708665648","8540784","0.00","0.00","0.35","0.33","13.13","14.37","12540","648"
"114","1","Atlantic","Jetblue","11143434","18165240","31170774","48988935","0.00","0.00","0.36","0.37","15.97","16.17","918","2475"
"115","1","Delux","Envoy","579635","6369892","1483590","17740932","0.00","0.00","0.39","0.36","14.46","13.31","0","564"
"116","2","Jetblue","United","18165240","139137108","48988935","429971388","0.00","0.00","0.37","0.32","16.17","12.70","2475","10890"
"117","1","USAirways","Envoy","1069473","6369892","3113545","17740932","0.00","0.00","0.34","0.36","9.55","13.31","90","564"
"118","2","Spirit","Republic","2823656","2947750","8540784","11138260","0.00","0.00","0.33","0.26","14.37","10.67","648","450"
"119","2","Republic","USAirways","2947750","1069473","11138260","3113545","0.00","0.00","0.26","0.34","10.67","9.55","450","90"
"120","1","Hawaiian","Envoy","283846","6369892","974254","17740932","0.00","0.00","0.29","0.36","4.97","13.31","0","564"
"121","1","Hawaiian","Envoy","283846","6369892","974254","17740932","0.00","0.00","0.29","0.36","4.97","13.31","0","564"
"122","1","Mesa","Atlantic","611135","11143434","1803317","31170774","0.00","0.00","0.34","0.36","13.07","15.97","0","918"
"123","1","Air","Frontier","529686","530019","1482255","1324472","0.00","0.00","0.36","0.40","10.80","14.50","0","0"
"124","2","Virgin","Republic","145536","2947750","389060","11138260","0.00","0.00","0.37","0.26","13.78","10.67","0","450"
"125","2","Spirit","Endeavor","2823656","1635432","8540784","5993664","0.00","0.00","0.33","0.27","14.37","10.87","648","279"
"126","2","Horizon","Atlantic","25049","11143434","88860","31170774","0.00","0.00","0.28","0.36","6.72","15.97","0","918"
"127","2","Allegiant","United","406062","139137108","1161735","429971388","0.00","0.00","0.35","0.32","16.41","12.70","135","10890"
"128","2","Spirit","USAirways","2823656","1069473","8540784","3113545","0.00","0.00","0.33","0.34","14.37","9.55","648","90"
"129","1","Mesa","Southwest","611135","421452433","1803317","1196851644","0.00","0.00","0.34","0.35","13.07","10.22","0","12045"
"130","2","Comair","Air","512409","529686","1418873","1482255","0.00","0.00","0.36","0.36","14.28","10.80","81","0"
"131","1","Sky","Endeavor","2882553","1635432","8819493","5993664","0.00","0.00","0.33","0.27","12.56","10.87","0","279"
"132","1","Sky","Alaska","2882553","3681525","8819493","11763350","0.00","0.00","0.33","0.31","12.56","7.98","0","825"
"133","2","USAirways","Southwest","1069473","421452433","3113545","1196851644","0.00","0.00","0.34","0.35","9.55","10.22","90","12045"
"134","1","Continental","Horizon","4348960","25049","10412030","88860","0.00","0.00","0.42","0.28","12.91","6.72","480","0"
"135","2","Envoy","Frontier","6369892","530019","17740932","1324472","0.00","0.00","0.36","0.40","13.31","14.50","564","0"
"136","2","Horizon","Delux","25049","579635","88860","1483590","0.00","0.00","0.28","0.39","6.72","14.46","0","0"
"137","1","USAirways","Republic","1069473","2947750","3113545","11138260","0.00","0.00","0.34","0.26","9.55","10.67","90","450"
"138","1","Delux","Alaska","579635","3681525","1483590","11763350","0.00","0.00","0.39","0.31","14.46","7.98","0","825"
"139","1","Comair","9","512409","1615","1418873","7800","0.00","0.00","0.36","0.21","14.28","2.97","81","0"
"140","2","9","Atlantic","1615","11143434","7800","31170774","0.00","0.00","0.21","0.36","2.97","15.97","0","918"
"141","1","Northwest","Allegiant","1338000","406062","3203925","1161735","0.00","0.00","0.42","0.35","12.10","16.41","120","135"
"142","1","Jetblue","Atlantic","18165240","11143434","48988935","31170774","0.00","0.00","0.37","0.36","16.17","15.97","2475","918"
"143","1","Mesa","Envoy","611135","6369892","1803317","17740932","0.00","0.00","0.34","0.36","13.07","13.31","0","564"
"144","1","9","USAirways","1615","1069473","7800","3113545","0.00","0.00","0.21","0.34","2.97","9.55","0","90"
"145","1","Hawaiian","Northwest","283846","1338000","974254","3203925","0.00","0.00","0.29","0.42","4.97","12.10","0","120"
"146","1","Southwest","Continental","421452433","4348960","1196851644","10412030","0.00","0.00","0.35","0.42","10.22","12.91","12045","480"
"147","1","Endeavor","American","1635432","248202548","5993664","708665648","0.00","0.00","0.27","0.35","10.87","13.13","279","12540"
"148","1","Sky","Hawaiian","2882553","283846","8819493","974254","0.00","0.00","0.33","0.29","12.56","4.97","0","0"
"149","1","Air","Spirit","529686","2823656","1482255","8540784","0.00","0.00","0.36","0.33","10.80","14.37","0","648"
"150","1","Air","Northwest","529686","1338000","1482255","3203925","0.00","0.00","0.36","0.42","10.80","12.10","0","120"
"151","1","Comair","USAirways","512409","1069473","1418873","3113545","0.00","0.00","0.36","0.34","14.28","9.55","81","90"
"152","1","USAirways","Frontier","1069473","530019","3113545","1324472","0.00","0.00","0.34","0.40","9.55","14.50","90","0"
"153","1","Southwest","Sky","421452433","2882553","1196851644","8819493","0.00","0.00","0.35","0.33","10.22","12.56","12045","0"
"154","1","Comair","USAirways","512409","1069473","1418873","3113545","0.00","0.00","0.36","0.34","14.28","9.55","81","90"
"155","1","Spirit","Mesa","2823656","611135","8540784","1803317","0.00","0.00","0.33","0.34","14.37","13.07","648","0"
"156","1","Comair","Alaska","512409","3681525","1418873","11763350","0.00","0.00","0.36","0.31","14.28","7.98","81","825"
"157","1","Envoy","Delta","6369892","294308014","17740932","1020209890","0.00","0.00","0.36","0.29","13.31","9.97","564","16170"
"158","1","9","Comair","1615","512409","7800","1418873","0.00","0.00","0.21","0.36","2.97","14.28","0","81"
"159","1","Horizon","USAirways","25049","1069473","88860","3113545","0.00","0.00","0.28","0.34","6.72","9.55","0","90"
"160","1","Northwest","American","1338000","248202548","3203925","708665648","0.00","0.00","0.42","0.35","12.10","13.13","120","12540"
"161","1","Horizon","United","25049","139137108","88860","429971388","0.00","0.00","0.28","0.32","6.72","12.70","0","10890"
"162","1","Sky","Endeavor","2882553","1635432","8819493","5993664","0.00","0.00","0.33","0.27","12.56","10.87","0","279"
"163","1","Virgin","Northwest","145536","1338000","389060","3203925","0.00","0.00","0.37","0.42","13.78","12.10","0","120"
"164","1","Northwest","Atlantic","1338000","11143434","3203925","31170774","0.00","0.00","0.42","0.36","12.10","15.97","120","918"
"165","1","USAirways","Horizon","1069473","25049","3113545","88860","0.00","0.00","0.34","0.28","9.55","6.72","90","0"
"166","1","Alaska","Republic","3681525","2947750","11763350","11138260","0.00","0.00","0.31","0.26","7.98","10.67","825","450"
"167","1","Endeavor","Frontier","1635432","530019","5993664","1324472","0.00","0.00","0.27","0.40","10.87","14.50","279","0"
"168","1","Jetblue","Comair","18165240","512409","48988935","1418873","0.00","0.00","0.37","0.36","16.17","14.28","2475","81"
"169","1","American","Sky","248202548","2882553","708665648","8819493","0.00","0.00","0.35","0.33","13.13","12.56","12540","0"
"170","1","Northwest","Virgin","1338000","145536","3203925","389060","0.00","0.00","0.42","0.37","12.10","13.78","120","0"
"171","1","Spirit","United","2823656","139137108","8540784","429971388","0.00","0.00","0.33","0.32","14.37","12.70","648","10890"
"172","1","Virgin","Endeavor","145536","1635432","389060","5993664","0.00","0.00","0.37","0.27","13.78","10.87","0","279"
"173","1","Allegiant","Delux","406062","579635","1161735","1483590","0.00","0.00","0.35","0.39","16.41","14.46","135","0"
"174","1","Delta","Southwest","294308014","421452433","1020209890","1196851644","0.00","0.00","0.29","0.35","9.97","10.22","16170","12045"
"175","1","Northwest","Comair","1338000","512409","3203925","1418873","0.00","0.00","0.42","0.36","12.10","14.28","120","81"
"176","1","Virgin","American","145536","248202548","389060","708665648","0.00","0.00","0.37","0.35","13.78","13.13","0","12540"
"177","1","Virgin","United","145536","139137108","389060","429971388","0.00","0.00","0.37","0.32","13.78","12.70","0","10890"
"178","1","Envoy","United","6369892","139137108","17740932","429971388","0.00","0.00","0.36","0.32","13.31","12.70","564","10890"
"179","1","Virgin","Republic","145536","2947750","389060","11138260","0.00","0.00","0.37","0.26","13.78","10.67","0","450"
"180","1","Frontier","Air","530019","529686","1324472","1482255","0.00","0.00","0.40","0.36","14.50","10.80","0","0"
"181","1","9","Virgin","1615","145536","7800","389060","0.00","0.00","0.21","0.37","2.97","13.78","0","0"
"182","1","Horizon","Endeavor","25049","1635432","88860","5993664","0.00","0.00","0.28","0.27","6.72","10.87","0","279"
"183","1","USAirways","Air","1069473","529686","3113545","1482255","0.00","0.00","0.34","0.36","9.55","10.80","90","0"
"184","1","Air","Delux","529686","579635","1482255","1483590","0.00","0.00","0.36","0.39","10.80","14.46","0","0"
"185","1","Air","Atlantic","529686","11143434","1482255","31170774","0.00","0.00","0.36","0.36","10.80","15.97","0","918"
"186","1","Endeavor","9","1635432","1615","5993664","7800","0.00","0.00","0.27","0.21","10.87","2.97","279","0"
"187","1","Virgin","Delux","145536","579635","389060","1483590","0.00","0.00","0.37","0.39","13.78","14.46","0","0"
"188","1","9","Mesa","1615","611135","7800","1803317","0.00","0.00","0.21","0.34","2.97","13.07","0","0"
"189","1","Virgin","Air","145536","529686","389060","1482255","0.00","0.00","0.37","0.36","13.78","10.80","0","0"
"190","1","American","Air","248202548","529686","708665648","1482255","0.00","0.00","0.35","0.36","13.13","10.80","12540","0"
"191","1","Allegiant","Atlantic","406062","11143434","1161735","31170774","0.00","0.00","0.35","0.36","16.41","15.97","135","918"
"192","1","Republic","USAirways","2947750","1069473","11138260","3113545","0.00","0.00","0.26","0.34","10.67","9.55","450","90"
"193","1","Delux","Envoy","579635","6369892","1483590","17740932","0.00","0.00","0.39","0.36","14.46","13.31","0","564"
"194","1","Hawaiian","Southwest","283846","421452433","974254","1196851644","0.00","0.00","0.29","0.35","4.97","10.22","0","12045"
"195","1","Envoy","Comair","6369892","512409","17740932","1418873","0.00","0.00","0.36","0.36","13.31","14.28","564","81"
"196","1","United","Mesa","139137108","611135","429971388","1803317","0.00","0.00","0.32","0.34","12.70","13.07","10890","0"
"197","1","Hawaiian","Alaska","283846","3681525","974254","11763350","0.00","0.00","0.29","0.31","4.97","7.98","0","825"
"198","1","Delta","Continental","294308014","4348960","1020209890","10412030","0.00","0.00","0.29","0.42","9.97","12.91","16170","480"
"199","1","Alaska","Allegiant","3681525","406062","11763350","1161735","0.00","0.00","0.31","0.35","7.98","16.41","825","135"
"200","1","Allegiant","Spirit","406062","2823656","1161735","8540784","0.00","0.00","0.35","0.33","16.41","14.37","135","648"
"201","1","American","Frontier","248202548","530019","708665648","1324472","0.00","0.00","0.35","0.40","13.13","14.50","12540","0"
"202","2","Southwest","American","421452433","248202548","1196851644","708665648","0.00","0.00","0.35","0.35","10.22","13.13","12045","12540"
"203","2","Mesa","Republic","611135","2947750","1803317","11138260","0.00","0.00","0.34","0.26","13.07","10.67","0","450"
"204","2","Frontier","Northwest","530019","1338000","1324472","3203925","0.00","0.00","0.40","0.42","14.50","12.10","0","120"
"205","2","Frontier","Envoy","530019","6369892","1324472","17740932","0.00","0.00","0.40","0.36","14.50","13.31","0","564"
"206","2","Mesa","Air","611135","529686","1803317","1482255","0.00","0.00","0.34","0.36","13.07","10.80","0","0"
"207","2","Southwest","Mesa","421452433","611135","1196851644","1803317","0.00","0.00","0.35","0.34","10.22","13.07","12045","0"
"208","2","Frontier","Comair","530019","512409","1324472","1418873","0.00","0.00","0.40","0.36","14.50","14.28","0","81"
"209","2","Horizon","Frontier","25049","530019","88860","1324472","0.00","0.00","0.28","0.40","6.72","14.50","0","0"
"210","2","Jetblue","Hawaiian","18165240","283846","48988935","974254","0.00","0.00","0.37","0.29","16.17","4.97","2475","0"
"211","2","Delux","Air","579635","529686","1483590","1482255","0.00","0.00","0.39","0.36","14.46","10.80","0","0"
"212","2","United","Continental","139137108","4348960","429971388","10412030","0.00","0.00","0.32","0.42","12.70","12.91","10890","480"
"213","2","Allegiant","Envoy","406062","6369892","1161735","17740932","0.00","0.00","0.35","0.36","16.41","13.31","135","564"
"214","2","Horizon","Atlantic","25049","11143434","88860","31170774","0.00","0.00","0.28","0.36","6.72","15.97","0","918"
"215","2","Republic","Virgin","2947750","145536","11138260","389060","0.00","0.00","0.26","0.37","10.67","13.78","450","0"
"216","2","United","Delux","139137108","579635","429971388","1483590","0.00","0.00","0.32","0.39","12.70","14.46","10890","0"
"217","2","Atlantic","Envoy","11143434","6369892","31170774","17740932","0.00","0.00","0.36","0.36","15.97","13.31","918","564"
"218","2","Horizon","Sky","25049","2882553","88860","8819493","0.00","0.00","0.28","0.33","6.72","12.56","0","0"
"219","2","Sky","Alaska","2882553","3681525","8819493","11763350","0.00","0.00","0.33","0.31","12.56","7.98","0","825"
"220","2","Allegiant","USAirways","406062","1069473","1161735","3113545","0.00","0.00","0.35","0.34","16.41","9.55","135","90"
"221","2","Air","American","529686","248202548","1482255","708665648","0.00","0.00","0.36","0.35","10.80","13.13","0","12540"
"222","2","Virgin","Atlantic","145536","11143434","389060","31170774","0.00","0.00","0.37","0.36","13.78","15.97","0","918"
"223","2","Sky","Continental","2882553","4348960","8819493","10412030","0.00","0.00","0.33","0.42","12.56","12.91","0","480"
"224","2","Allegiant","Frontier","406062","530019","1161735","1324472","0.00","0.00","0.35","0.40","16.41","14.50","135","0"
"225","2","Sky","Jetblue","2882553","18165240","8819493","48988935","0.00","0.00","0.33","0.37","12.56","16.17","0","2475"
"226","2","Spirit","Republic","2823656","2947750","8540784","11138260","0.00","0.00","0.33","0.26","14.37","10.67","648","450"
"227","2","Alaska","Mesa","3681525","611135","11763350","1803317","0.00","0.00","0.31","0.34","7.98","13.07","825","0"
"228","2","Horizon","Frontier","25049","530019","88860","1324472","0.00","0.00","0.28","0.40","6.72","14.50","0","0"
"229","2","Atlantic","Delux","11143434","579635","31170774","1483590","0.00","0.00","0.36","0.39","15.97","14.46","918","0"
"230","2","USAirways","Hawaiian","1069473","283846","3113545","974254","0.00","0.00","0.34","0.29","9.55","4.97","90","0"
"231","2","Air","Atlantic","529686","11143434","1482255","31170774","0.00","0.00","0.36","0.36","10.80","15.97","0","918"
"232","2","Alaska","Virgin","3681525","145536","11763350","389060","0.00","0.00","0.31","0.37","7.98","13.78","825","0"
"233","2","Envoy","Frontier","6369892","530019","17740932","1324472","0.00","0.00","0.36","0.40","13.31","14.50","564","0"
"234","2","Frontier","Southwest","530019","421452433","1324472","1196851644","0.00","0.00","0.40","0.35","14.50","10.22","0","12045"
"235","2","Jetblue","American","18165240","248202548","48988935","708665648","0.00","0.00","0.37","0.35","16.17","13.13","2475","12540"
"236","2","Hawaiian","Spirit","283846","2823656","974254","8540784","0.00","0.00","0.29","0.33","4.97","14.37","0","648"
"237","2","Delta","Hawaiian","294308014","283846","1020209890","974254","0.00","0.00","0.29","0.29","9.97","4.97","16170","0"
"238","2","Continental","Allegiant","4348960","406062","10412030","1161735","0.00","0.00","0.42","0.35","12.91","16.41","480","135"
"239","2","Frontier","American","530019","248202548","1324472","708665648","0.00","0.00","0.40","0.35","14.50","13.13","0","12540"
"240","2","Continental","Air","4348960","529686","10412030","1482255","0.00","0.00","0.42","0.36","12.91","10.80","480","0"
"241","2","Sky","Hawaiian","2882553","283846","8819493","974254","0.00","0.00","0.33","0.29","12.56","4.97","0","0"
"242","2","Horizon","Air","25049","529686","88860","1482255","0.00","0.00","0.28","0.36","6.72","10.80","0","0"
"243","2","Alaska","Spirit","3681525","2823656","11763350","8540784","0.00","0.00","0.31","0.33","7.98","14.37","825","648"
"244","2","Northwest","Sky","1338000","2882553","3203925","8819493","0.00","0.00","0.42","0.33","12.10","12.56","120","0"
"245","2","Envoy","Alaska","6369892","3681525","17740932","11763350","0.00","0.00","0.36","0.31","13.31","7.98","564","825"
"246","2","Alaska","United","3681525","139137108","11763350","429971388","0.00","0.00","0.31","0.32","7.98","12.70","825","10890"
"247","2","9","Mesa","1615","611135","7800","1803317","0.00","0.00","0.21","0.34","2.97","13.07","0","0"
"248","2","9","Mesa","1615","611135","7800","1803317","0.00","0.00","0.21","0.34","2.97","13.07","0","0"
"249","2","Atlantic","Envoy","11143434","6369892","31170774","17740932","0.00","0.00","0.36","0.36","15.97","13.31","918","564"
"250","2","Allegiant","Horizon","406062","25049","1161735","88860","0.00","0.00","0.35","0.28","16.41","6.72","135","0"
"251","2","American","Alaska","248202548","3681525","708665648","11763350","0.00","0.00","0.35","0.31","13.13","7.98","12540","825"
"252","2","Comair","Delux","512409","579635","1418873","1483590","0.00","0.00","0.36","0.39","14.28","14.46","81","0"
"253","2","Mesa","Virgin","611135","145536","1803317","389060","0.00","0.00","0.34","0.37","13.07","13.78","0","0"
"254","2","Endeavor","Southwest","1635432","421452433","5993664","1196851644","0.00","0.00","0.27","0.35","10.87","10.22","279","12045"
"255","2","Alaska","Hawaiian","3681525","283846","11763350","974254","0.00","0.00","0.31","0.29","7.98","4.97","825","0"
"256","1","Mesa","Republic","611135","2947750","1803317","11138260","0.00","0.00","0.34","0.26","13.07","10.67","0","450"
"257","1","Comair","Envoy","512409","6369892","1418873","17740932","0.00","0.00","0.36","0.36","14.28","13.31","81","564"
"258","1","Continental","Spirit","4348960","2823656","10412030","8540784","0.00","0.00","0.42","0.33","12.91","14.37","480","648"
"259","1","Endeavor","Republic","1635432","2947750","5993664","11138260","0.00","0.00","0.27","0.26","10.87","10.67","279","450"
"260","1","Spirit","USAirways","2823656","1069473","8540784","3113545","0.00","0.00","0.33","0.34","14.37","9.55","648","90"
"261","1","Virgin","American","145536","248202548","389060","708665648","0.00","0.00","0.37","0.35","13.78","13.13","0","12540"
"262","1","Allegiant","9","406062","1615","1161735","7800","0.00","0.00","0.35","0.21","16.41","2.97","135","0"
"263","1","Envoy","Comair","6369892","512409","17740932","1418873","0.00","0.00","0.36","0.36","13.31","14.28","564","81"
"264","1","United","Envoy","139137108","6369892","429971388","17740932","0.00","0.00","0.32","0.36","12.70","13.31","10890","564"
"265","1","Comair","Virgin","512409","145536","1418873","389060","0.00","0.00","0.36","0.37","14.28","13.78","81","0"
"266","1","Horizon","Alaska","25049","3681525","88860","11763350","0.00","0.00","0.28","0.31","6.72","7.98","0","825"
"267","1","Air","USAirways","529686","1069473","1482255","3113545","0.00","0.00","0.36","0.34","10.80","9.55","0","90"
"268","1","Atlantic","Continental","11143434","4348960","31170774","10412030","0.00","0.00","0.36","0.42","15.97","12.91","918","480"
"269","1","Republic","USAirways","2947750","1069473","11138260","3113545","0.00","0.00","0.26","0.34","10.67","9.55","450","90"
"270","1","Delta","Endeavor","294308014","1635432","1020209890","5993664","0.00","0.00","0.29","0.27","9.97","10.87","16170","279"
"271","1","American","Mesa","248202548","611135","708665648","1803317","0.00","0.00","0.35","0.34","13.13","13.07","12540","0"
"272","1","Frontier","Envoy","530019","6369892","1324472","17740932","0.00","0.00","0.40","0.36","14.50","13.31","0","564"
"273","1","Endeavor","Delux","1635432","579635","5993664","1483590","0.00","0.00","0.27","0.39","10.87","14.46","279","0"
"274","1","Virgin","Republic","145536","2947750","389060","11138260","0.00","0.00","0.37","0.26","13.78","10.67","0","450"
"275","1","Sky","Frontier","2882553","530019","8819493","1324472","0.00","0.00","0.33","0.40","12.56","14.50","0","0"
"276","1","9","Atlantic","1615","11143434","7800","31170774","0.00","0.00","0.21","0.36","2.97","15.97","0","918"
"277","1","Jetblue","USAirways","18165240","1069473","48988935","3113545","0.00","0.00","0.37","0.34","16.17","9.55","2475","90"
"278","1","Horizon","Continental","25049","4348960","88860","10412030","0.00","0.00","0.28","0.42","6.72","12.91","0","480"
"279","1","Southwest","Envoy","421452433","6369892","1196851644","17740932","0.00","0.00","0.35","0.36","10.22","13.31","12045","564"
"280","1","Sky","Virgin","2882553","145536","8819493","389060","0.00","0.00","0.33","0.37","12.56","13.78","0","0"
"281","1","Southwest","Virgin","421452433","145536","1196851644","389060","0.00","0.00","0.35","0.37","10.22","13.78","12045","0"
"282","1","Virgin","Air","145536","529686","389060","1482255","0.00","0.00","0.37","0.36","13.78","10.80","0","0"
"283","1","Republic","9","2947750","1615","11138260","7800","0.00","0.00","0.26","0.21","10.67","2.97","450","0"
"284","1","Air","Continental","529686","4348960","1482255","10412030","0.00","0.00","0.36","0.42","10.80","12.91","0","480"
"285","1","United","Republic","139137108","2947750","429971388","11138260","0.00","0.00","0.32","0.26","12.70","10.67","10890","450"
"286","1","Allegiant","Frontier","406062","530019","1161735","1324472","0.00","0.00","0.35","0.40","16.41","14.50","135","0"
"287","1","Air","United","529686","139137108","1482255","429971388","0.00","0.00","0.36","0.32","10.80","12.70","0","10890"
"288","1","Endeavor","Hawaiian","1635432","283846","5993664","974254","0.00","0.00","0.27","0.29","10.87","4.97","279","0"
"289","1","Horizon","Mesa","25049","611135","88860","1803317","0.00","0.00","0.28","0.34","6.72","13.07","0","0"
"290","1","Horizon","United","25049","139137108","88860","429971388","0.00","0.00","0.28","0.32","6.72","12.70","0","10890"
"291","1","Delta","Sky","294308014","2882553","1020209890","8819493","0.00","0.00","0.29","0.33","9.97","12.56","16170","0"
"292","1","Delta","Sky","294308014","2882553","1020209890","8819493","0.00","0.00","0.29","0.33","9.97","12.56","16170","0"
"293","1","Republic","Alaska","2947750","3681525","11138260","11763350","0.00","0.00","0.26","0.31","10.67","7.98","450","825"
"294","1","Allegiant","Virgin","406062","145536","1161735","389060","0.00","0.00","0.35","0.37","16.41","13.78","135","0"
"295","1","Virgin","Mesa","145536","611135","389060","1803317","0.00","0.00","0.37","0.34","13.78","13.07","0","0"
"296","1","United","Endeavor","139137108","1635432","429971388","5993664","0.00","0.00","0.32","0.27","12.70","10.87","10890","279"
"297","1","Northwest","Republic","1338000","2947750","3203925","11138260","0.00","0.00","0.42","0.26","12.10","10.67","120","450"
"298","1","Atlantic","Republic","11143434","2947750","31170774","11138260","0.00","0.00","0.36","0.26","15.97","10.67","918","450"
"299","1","Northwest","Air","1338000","529686","3203925","1482255","0.00","0.00","0.42","0.36","12.10","10.80","120","0"
"300","1","Hawaiian","Southwest","283846","421452433","974254","1196851644","0.00","0.00","0.29","0.35","4.97","10.22","0","12045"
"301","1","Endeavor","Envoy","1635432","6369892","5993664","17740932","0.00","0.00","0.27","0.36","10.87","13.31","279","564"
"302","1","Atlantic","Air","11143434","529686","31170774","1482255","0.00","0.00","0.36","0.36","15.97","10.80","918","0"
"303","1","Republic","Northwest","2947750","1338000","11138260","3203925","0.00","0.00","0.26","0.42","10.67","12.10","450","120"
"304","1","Republic","Air","2947750","529686","11138260","1482255","0.00","0.00","0.26","0.36","10.67","10.80","450","0"
"305","1","Spirit","Virgin","2823656","145536","8540784","389060","0.00","0.00","0.33","0.37","14.37","13.78","648","0"
"306","1","9","Hawaiian","1615","283846","7800","974254","0.00","0.00","0.21","0.29","2.97","4.97","0","0"
"307","1","Envoy","Sky","6369892","2882553","17740932","8819493","0.00","0.00","0.36","0.33","13.31","12.56","564","0"
"308","1","Continental","Frontier","4348960","530019","10412030","1324472","0.00","0.00","0.42","0.40","12.91","14.50","480","0"
"309","1","Alaska","Virgin","3681525","145536","11763350","389060","0.00","0.00","0.31","0.37","7.98","13.78","825","0"
"310","1","Northwest","Atlantic","1338000","11143434","3203925","31170774","0.00","0.00","0.42","0.36","12.10","15.97","120","918"
"311","1","Comair","Virgin","512409","145536","1418873","389060","0.00","0.00","0.36","0.37","14.28","13.78","81","0"
"312","1","Horizon","Mesa","25049","611135","88860","1803317","0.00","0.00","0.28","0.34","6.72","13.07","0","0"
"313","1","Allegiant","Jetblue","406062","18165240","1161735","48988935","0.00","0.00","0.35","0.37","16.41","16.17","135","2475"
"314","1","United","Hawaiian","139137108","283846","429971388","974254","0.00","0.00","0.32","0.29","12.70","4.97","10890","0"
"315","1","Northwest","Allegiant","1338000","406062","3203925","1161735","0.00","0.00","0.42","0.35","12.10","16.41","120","135"
"316","1","Frontier","Delux","530019","579635","1324472","1483590","0.00","0.00","0.40","0.39","14.50","14.46","0","0"
"317","1","Mesa","Southwest","611135","421452433","1803317","1196851644","0.00","0.00","0.34","0.35","13.07","10.22","0","12045"
"318","1","Comair","USAirways","512409","1069473","1418873","3113545","0.00","0.00","0.36","0.34","14.28","9.55","81","90"
"319","1","Sky","Delta","2882553","294308014","8819493","1020209890","0.00","0.00","0.33","0.29","12.56","9.97","0","16170"
"320","1","United","Continental","139137108","4348960","429971388","10412030","0.00","0.00","0.32","0.42","12.70","12.91","10890","480"
"321","1","United","Comair","139137108","512409","429971388","1418873","0.00","0.00","0.32","0.36","12.70","14.28","10890","81"
"322","1","Comair","Delux","512409","579635","1418873","1483590","0.00","0.00","0.36","0.39","14.28","14.46","81","0"
"323","1","Allegiant","Southwest","406062","421452433","1161735","1196851644","0.00","0.00","0.35","0.35","16.41","10.22","135","12045"
"324","1","Envoy","Spirit","6369892","2823656","17740932","8540784","0.00","0.00","0.36","0.33","13.31","14.37","564","648"
"325","1","American","Sky","248202548","2882553","708665648","8819493","0.00","0.00","0.35","0.33","13.13","12.56","12540","0"
"326","1","Envoy","Atlantic","6369892","11143434","17740932","31170774","0.00","0.00","0.36","0.36","13.31","15.97","564","918"
"327","1","Delta","Sky","294308014","2882553","1020209890","8819493","0.00","0.00","0.29","0.33","9.97","12.56","16170","0"
"328","1","Sky","9","2882553","1615","8819493","7800","0.00","0.00","0.33","0.21","12.56","2.97","0","0"
"329","1","Hawaiian","Continental","283846","4348960","974254","10412030","0.00","0.00","0.29","0.42","4.97","12.91","0","480"
"330","1","9","Republic","1615","2947750","7800","11138260","0.00","0.00","0.21","0.26","2.97","10.67","0","450"
"331","1","Southwest","Jetblue","421452433","18165240","1196851644","48988935","0.00","0.00","0.35","0.37","10.22","16.17","12045","2475"
"332","1","Jetblue","Northwest","18165240","1338000","48988935","3203925","0.00","0.00","0.37","0.42","16.17","12.10","2475","120"
"333","1","Mesa","Endeavor","611135","1635432","1803317","5993664","0.00","0.00","0.34","0.27","13.07","10.87","0","279"
"334","1","Frontier","Alaska","530019","3681525","1324472","11763350","0.00","0.00","0.40","0.31","14.50","7.98","0","825"
"335","1","Southwest","Endeavor","421452433","1635432","1196851644","5993664","0.00","0.00","0.35","0.27","10.22","10.87","12045","279"
"336","1","Horizon","Spirit","25049","2823656","88860","8540784","0.00","0.00","0.28","0.33","6.72","14.37","0","648"
"337","1","Delux","Northwest","579635","1338000","1483590","3203925","0.00","0.00","0.39","0.42","14.46","12.10","0","120"
"338","1","Delta","Jetblue","294308014","18165240","1020209890","48988935","0.00","0.00","0.29","0.37","9.97","16.17","16170","2475"
"339","1","Alaska","Mesa","3681525","611135","11763350","1803317","0.00","0.00","0.31","0.34","7.98","13.07","825","0"
"340","1","American","Horizon","248202548","25049","708665648","88860","0.00","0.00","0.35","0.28","13.13","6.72","12540","0"
"341","1","Frontier","9","530019","1615","1324472","7800","0.00","0.00","0.40","0.21","14.50","2.97","0","0"
"342","1","Endeavor","Spirit","1635432","2823656","5993664","8540784","0.00","0.00","0.27","0.33","10.87","14.37","279","648"
"343","1","Jetblue","Hawaiian","18165240","283846","48988935","974254","0.00","0.00","0.37","0.29","16.17","4.97","2475","0"
"344","1","Continental","USAirways","4348960","1069473","10412030","3113545","0.00","0.00","0.42","0.34","12.91","9.55","480","90"
"345","1","Delta","Atlantic","294308014","11143434","1020209890","31170774","0.00","0.00","0.29","0.36","9.97","15.97","16170","918"
"346","1","Sky","Envoy","2882553","6369892","8819493","17740932","0.00","0.00","0.33","0.36","12.56","13.31","0","564"
"347","1","Hawaiian","Republic","283846","2947750","974254","11138260","0.00","0.00","0.29","0.26","4.97","10.67","0","450"
"348","1","Virgin","American","145536","248202548","389060","708665648","0.00","0.00","0.37","0.35","13.78","13.13","0","12540"
"349","1","Sky","Horizon","2882553","25049","8819493","88860","0.00","0.00","0.33","0.28","12.56","6.72","0","0"
"350","1","Continental","Spirit","4348960","2823656","10412030","8540784","0.00","0.00","0.42","0.33","12.91","14.37","480","648"
"351","1","Republic","Allegiant","2947750","406062","11138260","1161735","0.00","0.00","0.26","0.35","10.67","16.41","450","135"
"352","1","Allegiant","9","406062","1615","1161735","7800","0.00","0.00","0.35","0.21","16.41","2.97","135","0"
"353","1","Delux","Frontier","579635","530019","1483590","1324472","0.00","0.00","0.39","0.40","14.46","14.50","0","0"
"354","1","Atlantic","United","11143434","139137108","31170774","429971388","0.00","0.00","0.36","0.32","15.97","12.70","918","10890"
"355","1","9","Endeavor","1615","1635432","7800","5993664","0.00","0.00","0.21","0.27","2.97","10.87","0","279"
"356","1","Comair","Air","512409","529686","1418873","1482255","0.00","0.00","0.36","0.36","14.28","10.80","81","0"
"357","1","Mesa","Southwest","611135","421452433","1803317","1196851644","0.00","0.00","0.34","0.35","13.07","10.22","0","12045"
"358","1","Horizon","Delux","25049","579635","88860","1483590","0.00","0.00","0.28","0.39","6.72","14.46","0","0"
"359","1","Republic","Delux","2947750","579635","11138260","1483590","0.00","0.00","0.26","0.39","10.67","14.46","450","0"
"360","1","Air","American","529686","248202548","1482255","708665648","0.00","0.00","0.36","0.35","10.80","13.13","0","12540"
"361","1","Envoy","Horizon","6369892","25049","17740932","88860","0.00","0.00","0.36","0.28","13.31","6.72","564","0"
"362","1","Republic","American","2947750","248202548","11138260","708665648","0.00","0.00","0.26","0.35","10.67","13.13","450","12540"
"363","1","Jetblue","Horizon","18165240","25049","48988935","88860","0.00","0.00","0.37","0.28","16.17","6.72","2475","0"
"364","1","Envoy","USAirways","6369892","1069473","17740932","3113545","0.00","0.00","0.36","0.34","13.31","9.55","564","90"
"365","1","Comair","Republic","512409","2947750","1418873","11138260","0.00","0.00","0.36","0.26","14.28","10.67","81","450"
"366","1","Republic","United","2947750","139137108","11138260","429971388","0.00","0.00","0.26","0.32","10.67","12.70","450","10890"
"367","1","Southwest","Atlantic","421452433","11143434","1196851644","31170774","0.00","0.00","0.35","0.36","10.22","15.97","12045","918"
"368","1","Alaska","Republic","3681525","2947750","11763350","11138260","0.00","0.00","0.31","0.26","7.98","10.67","825","450"
"369","1","Horizon","Air","25049","529686","88860","1482255","0.00","0.00","0.28","0.36","6.72","10.80","0","0"
"370","1","Southwest","Jetblue","421452433","18165240","1196851644","48988935","0.00","0.00","0.35","0.37","10.22","16.17","12045","2475"
"371","1","American","Horizon","248202548","25049","708665648","88860","0.00","0.00","0.35","0.28","13.13","6.72","12540","0"
"372","1","Alaska","Sky","3681525","2882553","11763350","8819493","0.00","0.00","0.31","0.33","7.98","12.56","825","0"
"373","1","United","Hawaiian","139137108","283846","429971388","974254","0.00","0.00","0.32","0.29","12.70","4.97","10890","0"
"374","1","Virgin","USAirways","145536","1069473","389060","3113545","0.00","0.00","0.37","0.34","13.78","9.55","0","90"
"375","1","Hawaiian","Jetblue","283846","18165240","974254","48988935","0.00","0.00","0.29","0.37","4.97","16.17","0","2475"
"376","1","9","Atlantic","1615","11143434","7800","31170774","0.00","0.00","0.21","0.36","2.97","15.97","0","918"
"377","1","Continental","USAirways","4348960","1069473","10412030","3113545","0.00","0.00","0.42","0.34","12.91","9.55","480","90"
"378","1","9","American","1615","248202548","7800","708665648","0.00","0.00","0.21","0.35","2.97","13.13","0","12540"
"379","1","Alaska","9","3681525","1615","11763350","7800","0.00","0.00","0.31","0.21","7.98","2.97","825","0"
"380","1","Air","Jetblue","529686","18165240","1482255","48988935","0.00","0.00","0.36","0.37","10.80","16.17","0","2475"
"381","1","Northwest","Endeavor","1338000","1635432","3203925","5993664","0.00","0.00","0.42","0.27","12.10","10.87","120","279"
"382","1","USAirways","Virgin","1069473","145536","3113545","389060","0.00","0.00","0.34","0.37","9.55","13.78","90","0"
"383","1","United","Southwest","139137108","421452433","429971388","1196851644","0.00","0.00","0.32","0.35","12.70","10.22","10890","12045"
"384","1","Air","Southwest","529686","421452433","1482255","1196851644","0.00","0.00","0.36","0.35","10.80","10.22","0","12045"
"385","1","Delux","Southwest","579635","421452433","1483590","1196851644","0.00","0.00","0.39","0.35","14.46","10.22","0","12045"
"386","1","Delta","Allegiant","294308014","406062","1020209890","1161735","0.00","0.00","0.29","0.35","9.97","16.41","16170","135"
"387","1","Delux","Allegiant","579635","406062","1483590","1161735","0.00","0.00","0.39","0.35","14.46","16.41","0","135"
"388","1","Frontier","9","530019","1615","1324472","7800","0.00","0.00","0.40","0.21","14.50","2.97","0","0"
"389","1","Republic","Spirit","2947750","2823656","11138260","8540784","0.00","0.00","0.26","0.33","10.67","14.37","450","648"
"390","1","Air","Mesa","529686","611135","1482255","1803317","0.00","0.00","0.36","0.34","10.80","13.07","0","0"
"391","1","Alaska","Continental","3681525","4348960","11763350","10412030","0.00","0.00","0.31","0.42","7.98","12.91","825","480"
"392","1","Virgin","American","145536","248202548","389060","708665648","0.00","0.00","0.37","0.35","13.78","13.13","0","12540"
"393","1","9","Sky","1615","2882553","7800","8819493","0.00","0.00","0.21","0.33","2.97","12.56","0","0"
"394","1","American","Hawaiian","248202548","283846","708665648","974254","0.00","0.00","0.35","0.29","13.13","4.97","12540","0"
"395","1","Comair","Northwest","512409","1338000","1418873","3203925","0.00","0.00","0.36","0.42","14.28","12.10","81","120"
"396","1","9","USAirways","1615","1069473","7800","3113545","0.00","0.00","0.21","0.34","2.97","9.55","0","90"
"397","1","Allegiant","Delux","406062","579635","1161735","1483590","0.00","0.00","0.35","0.39","16.41","14.46","135","0"
"398","1","Frontier","Republic","530019","2947750","1324472","11138260","0.00","0.00","0.40","0.26","14.50","10.67","0","450"
"399","1","Spirit","Allegiant","2823656","406062","8540784","1161735","0.00","0.00","0.33","0.35","14.37","16.41","648","135"
"400","1","Delta","Virgin","294308014","145536","1020209890","389060","0.00","0.00","0.29","0.37","9.97","13.78","16170","0"
"401","1","Jetblue","Comair","18165240","512409","48988935","1418873","0.00","0.00","0.37","0.36","16.17","14.28","2475","81"
"402","1","9","Spirit","1615","2823656","7800","8540784","0.00","0.00","0.21","0.33","2.97","14.37","0","648"
"403","1","Endeavor","Frontier","1635432","530019","5993664","1324472","0.00","0.00","0.27","0.40","10.87","14.50","279","0"
"404","1","Horizon","Endeavor","25049","1635432","88860","5993664","0.00","0.00","0.28","0.27","6.72","10.87","0","279"
"405","1","Virgin","Delux","145536","579635","389060","1483590","0.00","0.00","0.37","0.39","13.78","14.46","0","0"
"406","1","American","Republic","248202548","2947750","708665648","11138260","0.00","0.00","0.35","0.26","13.13","10.67","12540","450"
"407","1","Virgin","Allegiant","145536","406062","389060","1161735","0.00","0.00","0.37","0.35","13.78","16.41","0","135"
"408","1","9","Sky","1615","2882553","7800","8819493","0.00","0.00","0.21","0.33","2.97","12.56","0","0"
"409","1","Air","Delta","529686","294308014","1482255","1020209890","0.00","0.00","0.36","0.29","10.80","9.97","0","16170"
"410","1","Endeavor","American","1635432","248202548","5993664","708665648","0.00","0.00","0.27","0.35","10.87","13.13","279","12540"
"411","1","Spirit","Southwest","2823656","421452433","8540784","1196851644","0.00","0.00","0.33","0.35","14.37","10.22","648","12045"
"412","1","Delux","Comair","579635","512409","1483590","1418873","0.00","0.00","0.39","0.36","14.46","14.28","0","81"
"413","1","9","United","1615","139137108","7800","429971388","0.00","0.00","0.21","0.32","2.97","12.70","0","10890"
"414","1","Alaska","United","3681525","139137108","11763350","429971388","0.00","0.00","0.31","0.32","7.98","12.70","825","10890"
"415","1","Hawaiian","Republic","283846","2947750","974254","11138260","0.00","0.00","0.29","0.26","4.97","10.67","0","450"
"416","1","Continental","Frontier","4348960","530019","10412030","1324472","0.00","0.00","0.42","0.40","12.91","14.50","480","0"
"417","1","Air","United","529686","139137108","1482255","429971388","0.00","0.00","0.36","0.32","10.80","12.70","0","10890"
"418","1","Virgin","Allegiant","145536","406062","389060","1161735","0.00","0.00","0.37","0.35","13.78","16.41","0","135"
"419","1","Sky","Comair","2882553","512409","8819493","1418873","0.00","0.00","0.33","0.36","12.56","14.28","0","81"
"420","1","Republic","Hawaiian","2947750","283846","11138260","974254","0.00","0.00","0.26","0.29","10.67","4.97","450","0"
"421","1","Delta","Virgin","294308014","145536","1020209890","389060","0.00","0.00","0.29","0.37","9.97","13.78","16170","0"
"422","1","Hawaiian","Spirit","283846","2823656","974254","8540784","0.00","0.00","0.29","0.33","4.97","14.37","0","648"
"423","1","American","Atlantic","248202548","11143434","708665648","31170774","0.00","0.00","0.35","0.36","13.13","15.97","12540","918"
"424","1","Frontier","Southwest","530019","421452433","1324472","1196851644","0.00","0.00","0.40","0.35","14.50","10.22","0","12045"
"425","1","Comair","Republic","512409","2947750","1418873","11138260","0.00","0.00","0.36","0.26","14.28","10.67","81","450"
"426","1","Endeavor","Alaska","1635432","3681525","5993664","11763350","0.00","0.00","0.27","0.31","10.87","7.98","279","825"
"427","1","USAirways","Air","1069473","529686","3113545","1482255","0.00","0.00","0.34","0.36","9.55","10.80","90","0"
"428","1","Horizon","Hawaiian","25049","283846","88860","974254","0.00","0.00","0.28","0.29","6.72","4.97","0","0"
"429","1","Hawaiian","Delta","283846","294308014","974254","1020209890","0.00","0.00","0.29","0.29","4.97","9.97","0","16170"
"430","1","Jetblue","Virgin","18165240","145536","48988935","389060","0.00","0.00","0.37","0.37","16.17","13.78","2475","0"
"431","1","Delux","Comair","579635","512409","1483590","1418873","0.00","0.00","0.39","0.36","14.46","14.28","0","81"
"432","1","Frontier","USAirways","530019","1069473","1324472","3113545","0.00","0.00","0.40","0.34","14.50","9.55","0","90"
"433","1","Endeavor","Southwest","1635432","421452433","5993664","1196851644","0.00","0.00","0.27","0.35","10.87","10.22","279","12045"
"434","1","Horizon","Sky","25049","2882553","88860","8819493","0.00","0.00","0.28","0.33","6.72","12.56","0","0"
"435","1","Southwest","Sky","421452433","2882553","1196851644","8819493","0.00","0.00","0.35","0.33","10.22","12.56","12045","0"
"436","1","Delta","Envoy","294308014","6369892","1020209890","17740932","0.00","0.00","0.29","0.36","9.97","13.31","16170","564"
"437","1","Republic","Virgin","2947750","145536","11138260","389060","0.00","0.00","0.26","0.37","10.67","13.78","450","0"
"438","1","Allegiant","USAirways","406062","1069473","1161735","3113545","0.00","0.00","0.35","0.34","16.41","9.55","135","90"
"439","1","Alaska","Continental","3681525","4348960","11763350","10412030","0.00","0.00","0.31","0.42","7.98","12.91","825","480"
"440","1","Allegiant","Frontier","406062","530019","1161735","1324472","0.00","0.00","0.35","0.40","16.41","14.50","135","0"
"441","1","Delta","Sky","294308014","2882553","1020209890","8819493","0.00","0.00","0.29","0.33","9.97","12.56","16170","0"
"442","1","Sky","Envoy","2882553","6369892","8819493","17740932","0.00","0.00","0.33","0.36","12.56","13.31","0","564"
"443","1","Atlantic","Republic","11143434","2947750","31170774","11138260","0.00","0.00","0.36","0.26","15.97","10.67","918","450"
"444","1","Virgin","Republic","145536","2947750","389060","11138260","0.00","0.00","0.37","0.26","13.78","10.67","0","450"
"445","1","Comair","Frontier","512409","530019","1418873","1324472","0.00","0.00","0.36","0.40","14.28","14.50","81","0"
"446","1","American","Northwest","248202548","1338000","708665648","3203925","0.00","0.00","0.35","0.42","13.13","12.10","12540","120"
"447","1","Air","Envoy","529686","6369892","1482255","17740932","0.00","0.00","0.36","0.36","10.80","13.31","0","564"
"448","1","Continental","Comair","4348960","512409","10412030","1418873","0.00","0.00","0.42","0.36","12.91","14.28","480","81"
"449","1","Allegiant","American","406062","248202548","1161735","708665648","0.00","0.00","0.35","0.35","16.41","13.13","135","12540"
"450","1","Republic","Horizon","2947750","25049","11138260","88860","0.00","0.00","0.26","0.28","10.67","6.72","450","0"
"451","1","Hawaiian","Envoy","283846","6369892","974254","17740932","0.00","0.00","0.29","0.36","4.97","13.31","0","564"
"452","1","Continental","Hawaiian","4348960","283846","10412030","974254","0.00","0.00","0.42","0.29","12.91","4.97","480","0"
"453","1","United","Continental","139137108","4348960","429971388","10412030","0.00","0.00","0.32","0.42","12.70","12.91","10890","480"
"454","1","Mesa","Air","611135","529686","1803317","1482255","0.00","0.00","0.34","0.36","13.07","10.80","0","0"
"455","1","Delux","Horizon","579635","25049","1483590","88860","0.00","0.00","0.39","0.28","14.46","6.72","0","0"
"456","1","Spirit","Envoy","2823656","6369892","8540784","17740932","0.00","0.00","0.33","0.36","14.37","13.31","648","564"
"457","1","Spirit","Atlantic","2823656","11143434","8540784","31170774","0.00","0.00","0.33","0.36","14.37","15.97","648","918"
"458","1","Mesa","American","611135","248202548","1803317","708665648","0.00","0.00","0.34","0.35","13.07","13.13","0","12540"
"459","1","Endeavor","Envoy","1635432","6369892","5993664","17740932","0.00","0.00","0.27","0.36","10.87","13.31","279","564"
"460","1","American","United","248202548","139137108","708665648","429971388","0.00","0.00","0.35","0.32","13.13","12.70","12540","10890"
"461","1","Continental","USAirways","4348960","1069473","10412030","3113545","0.00","0.00","0.42","0.34","12.91","9.55","480","90"
"462","1","Allegiant","Southwest","406062","421452433","1161735","1196851644","0.00","0.00","0.35","0.35","16.41","10.22","135","12045"
"463","1","Mesa","Horizon","611135","25049","1803317","88860","0.00","0.00","0.34","0.28","13.07","6.72","0","0"
"464","1","Comair","Allegiant","512409","406062","1418873","1161735","0.00","0.00","0.36","0.35","14.28","16.41","81","135"
"465","1","Endeavor","Continental","1635432","4348960","5993664","10412030","0.00","0.00","0.27","0.42","10.87","12.91","279","480"
"466","1","Endeavor","American","1635432","248202548","5993664","708665648","0.00","0.00","0.27","0.35","10.87","13.13","279","12540"
"467","1","American","Horizon","248202548","25049","708665648","88860","0.00","0.00","0.35","0.28","13.13","6.72","12540","0"
"468","1","Southwest","Republic","421452433","2947750","1196851644","11138260","0.00","0.00","0.35","0.26","10.22","10.67","12045","450"
"469","1","Air","American","529686","248202548","1482255","708665648","0.00","0.00","0.36","0.35","10.80","13.13","0","12540"
"470","1","USAirways","Allegiant","1069473","406062","3113545","1161735","0.00","0.00","0.34","0.35","9.55","16.41","90","135"
"471","1","Southwest","Mesa","421452433","611135","1196851644","1803317","0.00","0.00","0.35","0.34","10.22","13.07","12045","0"
"472","1","Sky","Comair","2882553","512409","8819493","1418873","0.00","0.00","0.33","0.36","12.56","14.28","0","81"
"473","1","Northwest","American","1338000","248202548","3203925","708665648","0.00","0.00","0.42","0.35","12.10","13.13","120","12540"
"474","1","Air","Mesa","529686","611135","1482255","1803317","0.00","0.00","0.36","0.34","10.80","13.07","0","0"
"475","1","Republic","Jetblue","2947750","18165240","11138260","48988935","0.00","0.00","0.26","0.37","10.67","16.17","450","2475"
"476","1","Mesa","Virgin","611135","145536","1803317","389060","0.00","0.00","0.34","0.37","13.07","13.78","0","0"
"477","1","Continental","Delta","4348960","294308014","10412030","1020209890","0.00","0.00","0.42","0.29","12.91","9.97","480","16170"
"478","1","USAirways","Northwest","1069473","1338000","3113545","3203925","0.00","0.00","0.34","0.42","9.55","12.10","90","120"
"479","1","Frontier","9","530019","1615","1324472","7800","0.00","0.00","0.40","0.21","14.50","2.97","0","0"
"480","1","Delta","Hawaiian","294308014","283846","1020209890","974254","0.00","0.00","0.29","0.29","9.97","4.97","16170","0"
"481","1","Atlantic","American","11143434","248202548","31170774","708665648","0.00","0.00","0.36","0.35","15.97","13.13","918","12540"
"482","1","Frontier","Air","530019","529686","1324472","1482255","0.00","0.00","0.40","0.36","14.50","10.80","0","0"
"483","1","Endeavor","Jetblue","1635432","18165240","5993664","48988935","0.00","0.00","0.27","0.37","10.87","16.17","279","2475"
"484","1","Frontier","Continental","530019","4348960","1324472","10412030","0.00","0.00","0.40","0.42","14.50","12.91","0","480"
"485","1","Atlantic","Frontier","11143434","530019","31170774","1324472","0.00","0.00","0.36","0.40","15.97","14.50","918","0"
"486","1","Mesa","United","611135","139137108","1803317","429971388","0.00","0.00","0.34","0.32","13.07","12.70","0","10890"
"487","1","Envoy","Delta","6369892","294308014","17740932","1020209890","0.00","0.00","0.36","0.29","13.31","9.97","564","16170"
"488","1","Air","United","529686","139137108","1482255","429971388","0.00","0.00","0.36","0.32","10.80","12.70","0","10890"
"489","1","Air","American","529686","248202548","1482255","708665648","0.00","0.00","0.36","0.35","10.80","13.13","0","12540"
"490","1","Northwest","Endeavor","1338000","1635432","3203925","5993664","0.00","0.00","0.42","0.27","12.10","10.87","120","279"
"491","1","9","Alaska","1615","3681525","7800","11763350","0.00","0.00","0.21","0.31","2.97","7.98","0","825"
"492","1","Atlantic","Delux","11143434","579635","31170774","1483590","0.00","0.00","0.36","0.39","15.97","14.46","918","0"
"493","1","Delta","Horizon","294308014","25049","1020209890","88860","0.00","0.00","0.29","0.28","9.97","6.72","16170","0"
"494","1","USAirways","Atlantic","1069473","11143434","3113545","31170774","0.00","0.00","0.34","0.36","9.55","15.97","90","918"
"495","1","Alaska","Virgin","3681525","145536","11763350","389060","0.00","0.00","0.31","0.37","7.98","13.78","825","0"
"496","1","Virgin","Delta","145536","294308014","389060","1020209890","0.00","0.00","0.37","0.29","13.78","9.97","0","16170"
"497","1","Jetblue","Endeavor","18165240","1635432","48988935","5993664","0.00","0.00","0.37","0.27","16.17","10.87","2475","279"
"498","1","Northwest","Endeavor","1338000","1635432","3203925","5993664","0.00","0.00","0.42","0.27","12.10","10.87","120","279"
"499","1","Allegiant","Sky","406062","2882553","1161735","8819493","0.00","0.00","0.35","0.33","16.41","12.56","135","0"
"500","1","Southwest","American","421452433","248202548","1196851644","708665648","0.00","0.00","0.35","0.35","10.22","13.13","12045","12540"
"501","1","Atlantic","Delux","11143434","579635","31170774","1483590","0.00","0.00","0.36","0.39","15.97","14.46","918","0"
"502","1","Hawaiian","Horizon","283846","25049","974254","88860","0.00","0.00","0.29","0.28","4.97","6.72","0","0"
"503","1","United","Air","139137108","529686","429971388","1482255","0.00","0.00","0.32","0.36","12.70","10.80","10890","0"
"504","1","Atlantic","Hawaiian","11143434","283846","31170774","974254","0.00","0.00","0.36","0.29","15.97","4.97","918","0"
"505","1","Atlantic","American","11143434","248202548","31170774","708665648","0.00","0.00","0.36","0.35","15.97","13.13","918","12540"
"506","1","Air","Endeavor","529686","1635432","1482255","5993664","0.00","0.00","0.36","0.27","10.80","10.87","0","279"
"507","1","Spirit","Delta","2823656","294308014","8540784","1020209890","0.00","0.00","0.33","0.29","14.37","9.97","648","16170"
"508","1","Comair","American","512409","248202548","1418873","708665648","0.00","0.00","0.36","0.35","14.28","13.13","81","12540"
"509","1","Air","Northwest","529686","1338000","1482255","3203925","0.00","0.00","0.36","0.42","10.80","12.10","0","120"
"510","1","American","USAirways","248202548","1069473","708665648","3113545","0.00","0.00","0.35","0.34","13.13","9.55","12540","90"
"511","1","United","Republic","139137108","2947750","429971388","11138260","0.00","0.00","0.32","0.26","12.70","10.67","10890","450"
"512","1","Spirit","Sky","2823656","2882553","8540784","8819493","0.00","0.00","0.33","0.33","14.37","12.56","648","0"
"513","1","Comair","Jetblue","512409","18165240","1418873","48988935","0.00","0.00","0.36","0.37","14.28","16.17","81","2475"
"514","1","Envoy","Virgin","6369892","145536","17740932","389060","0.00","0.00","0.36","0.37","13.31","13.78","564","0"
"515","1","Delta","Horizon","294308014","25049","1020209890","88860","0.00","0.00","0.29","0.28","9.97","6.72","16170","0"
"516","1","Envoy","Mesa","6369892","611135","17740932","1803317","0.00","0.00","0.36","0.34","13.31","13.07","564","0"
"517","1","Alaska","Virgin","3681525","145536","11763350","389060","0.00","0.00","0.31","0.37","7.98","13.78","825","0"
"518","1","United","Delux","139137108","579635","429971388","1483590","0.00","0.00","0.32","0.39","12.70","14.46","10890","0"
"519","1","Virgin","Delux","145536","579635","389060","1483590","0.00","0.00","0.37","0.39","13.78","14.46","0","0"
"520","1","Sky","Envoy","2882553","6369892","8819493","17740932","0.00","0.00","0.33","0.36","12.56","13.31","0","564"
"521","1","Horizon","Continental","25049","4348960","88860","10412030","0.00","0.00","0.28","0.42","6.72","12.91","0","480"
"522","1","USAirways","Endeavor","1069473","1635432","3113545","5993664","0.00","0.00","0.34","0.27","9.55","10.87","90","279"
"523","1","Northwest","Virgin","1338000","145536","3203925","389060","0.00","0.00","0.42","0.37","12.10","13.78","120","0"
"524","1","USAirways","Continental","1069473","4348960","3113545","10412030","0.00","0.00","0.34","0.42","9.55","12.91","90","480"
"525","1","Air","Spirit","529686","2823656","1482255","8540784","0.00","0.00","0.36","0.33","10.80","14.37","0","648"
"526","1","Frontier","Mesa","530019","611135","1324472","1803317","0.00","0.00","0.40","0.34","14.50","13.07","0","0"
"527","1","Jetblue","Horizon","18165240","25049","48988935","88860","0.00","0.00","0.37","0.28","16.17","6.72","2475","0"
"528","1","Jetblue","USAirways","18165240","1069473","48988935","3113545","0.00","0.00","0.37","0.34","16.17","9.55","2475","90"
"529","1","Envoy","Delux","6369892","579635","17740932","1483590","0.00","0.00","0.36","0.39","13.31","14.46","564","0"
"530","1","USAirways","Air","1069473","529686","3113545","1482255","0.00","0.00","0.34","0.36","9.55","10.80","90","0"
"531","1","USAirways","Air","1069473","529686","3113545","1482255","0.00","0.00","0.34","0.36","9.55","10.80","90","0"
"532","1","USAirways","Air","1069473","529686","3113545","1482255","0.00","0.00","0.34","0.36","9.55","10.80","90","0"
"533","1","USAirways","Air","1069473","529686","3113545","1482255","0.00","0.00","0.34","0.36","9.55","10.80","90","0"
"534","1","USAirways","Air","1069473","529686","3113545","1482255","0.00","0.00","0.34","0.36","9.55","10.80","90","0"
"535","1","USAirways","Air","1069473","529686","3113545","1482255","0.00","0.00","0.34","0.36","9.55","10.80","90","0"
"536","1","USAirways","Air","1069473","529686","3113545","1482255","0.00","0.00","0.34","0.36","9.55","10.80","90","0"
"537","1","Atlantic","Alaska","11143434","3681525","31170774","11763350","0.00","0.00","0.36","0.31","15.97","7.98","918","825"
"538","1","Atlantic","Alaska","11143434","3681525","31170774","11763350","0.00","0.00","0.36","0.31","15.97","7.98","918","825"
"539","1","Atlantic","Alaska","11143434","3681525","31170774","11763350","0.00","0.00","0.36","0.31","15.97","7.98","918","825"
"540","1","Atlantic","Alaska","11143434","3681525","31170774","11763350","0.00","0.00","0.36","0.31","15.97","7.98","918","825"
"541","1","Atlantic","Alaska","11143434","3681525","31170774","11763350","0.00","0.00","0.36","0.31","15.97","7.98","918","825"
"542","1","Atlantic","Alaska","11143434","3681525","31170774","11763350","0.00","0.00","0.36","0.31","15.97","7.98","918","825"
"543","1","Atlantic","Alaska","11143434","3681525","31170774","11763350","0.00","0.00","0.36","0.31","15.97","7.98","918","825"
"544","1","Atlantic","Alaska","11143434","3681525","31170774","11763350","0.00","0.00","0.36","0.31","15.97","7.98","918","825"
"545","1","American","Atlantic","248202548","11143434","708665648","31170774","0.00","0.00","0.35","0.36","13.13","15.97","12540","918"
"546","1","Allegiant","Hawaiian","406062","283846","1161735","974254","0.00","0.00","0.35","0.29","16.41","4.97","135","0"
"547","1","Endeavor","Alaska","1635432","3681525","5993664","11763350","0.00","0.00","0.27","0.31","10.87","7.98","279","825"
"548","1","Hawaiian","Virgin","283846","145536","974254","389060","0.00","0.00","0.29","0.37","4.97","13.78","0","0"
"549","1","Horizon","Jetblue","25049","18165240","88860","48988935","0.00","0.00","0.28","0.37","6.72","16.17","0","2475"
"550","1","Hawaiian","Delux","283846","579635","974254","1483590","0.00","0.00","0.29","0.39","4.97","14.46","0","0"
"551","1","Sky","Northwest","2882553","1338000","8819493","3203925","0.00","0.00","0.33","0.42","12.56","12.10","0","120"
"552","1","9","Jetblue","1615","18165240","7800","48988935","0.00","0.00","0.21","0.37","2.97","16.17","0","2475"
"553","1","Air","Southwest","529686","421452433","1482255","1196851644","0.00","0.00","0.36","0.35","10.80","10.22","0","12045"
"554","1","Envoy","United","6369892","139137108","17740932","429971388","0.00","0.00","0.36","0.32","13.31","12.70","564","10890"
"555","1","Hawaiian","9","283846","1615","974254","7800","0.00","0.00","0.29","0.21","4.97","2.97","0","0"
"556","1","Spirit","9","2823656","1615","8540784","7800","0.00","0.00","0.33","0.21","14.37","2.97","648","0"
"557","1","American","Endeavor","248202548","1635432","708665648","5993664","0.00","0.00","0.35","0.27","13.13","10.87","12540","279"
"558","1","Delta","Northwest","294308014","1338000","1020209890","3203925","0.00","0.00","0.29","0.42","9.97","12.10","16170","120"
"559","1","Frontier","Spirit","530019","2823656","1324472","8540784","0.00","0.00","0.40","0.33","14.50","14.37","0","648"
"560","1","Air","9","529686","1615","1482255","7800","0.00","0.00","0.36","0.21","10.80","2.97","0","0"
"561","1","Comair","Virgin","512409","145536","1418873","389060","0.00","0.00","0.36","0.37","14.28","13.78","81","0"
"562","1","Spirit","Southwest","2823656","421452433","8540784","1196851644","0.00","0.00","0.33","0.35","14.37","10.22","648","12045"
"563","1","9","Air","1615","529686","7800","1482255","0.00","0.00","0.21","0.36","2.97","10.80","0","0"
"564","1","Northwest","Delux","1338000","579635","3203925","1483590","0.00","0.00","0.42","0.39","12.10","14.46","120","0"
"565","1","Spirit","Southwest","2823656","421452433","8540784","1196851644","0.00","0.00","0.33","0.35","14.37","10.22","648","12045"
"566","1","USAirways","Southwest","1069473","421452433","3113545","1196851644","0.00","0.00","0.34","0.35","9.55","10.22","90","12045"
"567","1","Alaska","Delux","3681525","579635","11763350","1483590","0.00","0.00","0.31","0.39","7.98","14.46","825","0"
"568","1","Jetblue","American","18165240","248202548","48988935","708665648","0.00","0.00","0.37","0.35","16.17","13.13","2475","12540"
"569","1","Southwest","Horizon","421452433","25049","1196851644","88860","0.00","0.00","0.35","0.28","10.22","6.72","12045","0"
"570","1","Jetblue","Hawaiian","18165240","283846","48988935","974254","0.00","0.00","0.37","0.29","16.17","4.97","2475","0"
"571","1","Sky","Frontier","2882553","530019","8819493","1324472","0.00","0.00","0.33","0.40","12.56","14.50","0","0"
"572","1","Endeavor","Hawaiian","1635432","283846","5993664","974254","0.00","0.00","0.27","0.29","10.87","4.97","279","0"
"573","1","Allegiant","Air","406062","529686","1161735","1482255","0.00","0.00","0.35","0.36","16.41","10.80","135","0"
"574","1","American","Horizon","248202548","25049","708665648","88860","0.00","0.00","0.35","0.28","13.13","6.72","12540","0"
"575","1","Delux","Republic","579635","2947750","1483590","11138260","0.00","0.00","0.39","0.26","14.46","10.67","0","450"
"576","1","Northwest","Mesa","1338000","611135","3203925","1803317","0.00","0.00","0.42","0.34","12.10","13.07","120","0"
"577","1","Delta","Virgin","294308014","145536","1020209890","389060","0.00","0.00","0.29","0.37","9.97","13.78","16170","0"
"578","1","Air","Sky","529686","2882553","1482255","8819493","0.00","0.00","0.36","0.33","10.80","12.56","0","0"
"579","1","9","Alaska","1615","3681525","7800","11763350","0.00","0.00","0.21","0.31","2.97","7.98","0","825"
"580","1","Virgin","Allegiant","145536","406062","389060","1161735","0.00","0.00","0.37","0.35","13.78","16.41","0","135"
"581","1","USAirways","Republic","1069473","2947750","3113545","11138260","0.00","0.00","0.34","0.26","9.55","10.67","90","450"
"582","1","Southwest","United","421452433","139137108","1196851644","429971388","0.00","0.00","0.35","0.32","10.22","12.70","12045","10890"
"583","1","Continental","Delta","4348960","294308014","10412030","1020209890","0.00","0.00","0.42","0.29","12.91","9.97","480","16170"
"584","1","United","Jetblue","139137108","18165240","429971388","48988935","0.00","0.00","0.32","0.37","12.70","16.17","10890","2475"
"585","1","USAirways","Virgin","1069473","145536","3113545","389060","0.00","0.00","0.34","0.37","9.55","13.78","90","0"
"586","1","Delux","Mesa","579635","611135","1483590","1803317","0.00","0.00","0.39","0.34","14.46","13.07","0","0"
"587","1","Delux","Frontier","579635","530019","1483590","1324472","0.00","0.00","0.39","0.40","14.46","14.50","0","0"
"588","1","Horizon","Delta","25049","294308014","88860","1020209890","0.00","0.00","0.28","0.29","6.72","9.97","0","16170"
"589","1","American","Sky","248202548","2882553","708665648","8819493","0.00","0.00","0.35","0.33","13.13","12.56","12540","0"
"590","1","Spirit","Jetblue","2823656","18165240","8540784","48988935","0.00","0.00","0.33","0.37","14.37","16.17","648","2475"
"591","1","Frontier","Southwest","530019","421452433","1324472","1196851644","0.00","0.00","0.40","0.35","14.50","10.22","0","12045"
"592","1","Endeavor","Southwest","1635432","421452433","5993664","1196851644","0.00","0.00","0.27","0.35","10.87","10.22","279","12045"
"593","1","Atlantic","American","11143434","248202548","31170774","708665648","0.00","0.00","0.36","0.35","15.97","13.13","918","12540"
"594","1","USAirways","Atlantic","1069473","11143434","3113545","31170774","0.00","0.00","0.34","0.36","9.55","15.97","90","918"
"595","1","American","USAirways","248202548","1069473","708665648","3113545","0.00","0.00","0.35","0.34","13.13","9.55","12540","90"
"596","1","United","Horizon","139137108","25049","429971388","88860","0.00","0.00","0.32","0.28","12.70","6.72","10890","0"
"597","1","Northwest","Envoy","1338000","6369892","3203925","17740932","0.00","0.00","0.42","0.36","12.10","13.31","120","564"
"598","1","Alaska","Sky","3681525","2882553","11763350","8819493","0.00","0.00","0.31","0.33","7.98","12.56","825","0"
"599","1","9","Northwest","1615","1338000","7800","3203925","0.00","0.00","0.21","0.42","2.97","12.10","0","120"
"600","1","Atlantic","Delux","11143434","579635","31170774","1483590","0.00","0.00","0.36","0.39","15.97","14.46","918","0"
"601","1","Northwest","Endeavor","1338000","1635432","3203925","5993664","0.00","0.00","0.42","0.27","12.10","10.87","120","279"
"602","1","Delta","Endeavor","294308014","1635432","1020209890","5993664","0.00","0.00","0.29","0.27","9.97","10.87","16170","279"
"603","1","Southwest","USAirways","421452433","1069473","1196851644","3113545","0.00","0.00","0.35","0.34","10.22","9.55","12045","90"
"604","1","United","Air","139137108","529686","429971388","1482255","0.00","0.00","0.32","0.36","12.70","10.80","10890","0"
"605","1","Air","9","529686","1615","1482255","7800","0.00","0.00","0.36","0.21","10.80","2.97","0","0"
"606","1","United","Hawaiian","139137108","283846","429971388","974254","0.00","0.00","0.32","0.29","12.70","4.97","10890","0"
"607","1","9","Allegiant","1615","406062","7800","1161735","0.00","0.00","0.21","0.35","2.97","16.41","0","135"
"608","1","Delux","Delta","579635","294308014","1483590","1020209890","0.00","0.00","0.39","0.29","14.46","9.97","0","16170"
"609","1","9","United","1615","139137108","7800","429971388","0.00","0.00","0.21","0.32","2.97","12.70","0","10890"
"610","1","Comair","Jetblue","512409","18165240","1418873","48988935","0.00","0.00","0.36","0.37","14.28","16.17","81","2475"
"611","1","Hawaiian","Delux","283846","579635","974254","1483590","0.00","0.00","0.29","0.39","4.97","14.46","0","0"
"612","1","Horizon","Jetblue","25049","18165240","88860","48988935","0.00","0.00","0.28","0.37","6.72","16.17","0","2475"
"613","1","Horizon","Continental","25049","4348960","88860","10412030","0.00","0.00","0.28","0.42","6.72","12.91","0","480"
"614","1","Delta","Horizon","294308014","25049","1020209890","88860","0.00","0.00","0.29","0.28","9.97","6.72","16170","0"
"615","1","Endeavor","9","1635432","1615","5993664","7800","0.00","0.00","0.27","0.21","10.87","2.97","279","0"
"616","1","Republic","Delux","2947750","579635","11138260","1483590","0.00","0.00","0.26","0.39","10.67","14.46","450","0"
"617","1","Delta","Allegiant","294308014","406062","1020209890","1161735","0.00","0.00","0.29","0.35","9.97","16.41","16170","135"
"618","1","Mesa","Envoy","611135","6369892","1803317","17740932","0.00","0.00","0.34","0.36","13.07","13.31","0","564"
"619","1","Mesa","Republic","611135","2947750","1803317","11138260","0.00","0.00","0.34","0.26","13.07","10.67","0","450"
"620","1","Delta","Delux","294308014","579635","1020209890","1483590","0.00","0.00","0.29","0.39","9.97","14.46","16170","0"
"621","1","USAirways","Spirit","1069473","2823656","3113545","8540784","0.00","0.00","0.34","0.33","9.55","14.37","90","648"
"622","1","USAirways","United","1069473","139137108","3113545","429971388","0.00","0.00","0.34","0.32","9.55","12.70","90","10890"
"623","1","Endeavor","United","1635432","139137108","5993664","429971388","0.00","0.00","0.27","0.32","10.87","12.70","279","10890"
"624","1","Delux","9","579635","1615","1483590","7800","0.00","0.00","0.39","0.21","14.46","2.97","0","0"
"625","1","Delta","Spirit","294308014","2823656","1020209890","8540784","0.00","0.00","0.29","0.33","9.97","14.37","16170","648"
"626","1","Sky","United","2882553","139137108","8819493","429971388","0.00","0.00","0.33","0.32","12.56","12.70","0","10890"
"627","1","Continental","Frontier","4348960","530019","10412030","1324472","0.00","0.00","0.42","0.40","12.91","14.50","480","0"
"628","1","Continental","Virgin","4348960","145536","10412030","389060","0.00","0.00","0.42","0.37","12.91","13.78","480","0"
"629","1","Delta","Virgin","294308014","145536","1020209890","389060","0.00","0.00","0.29","0.37","9.97","13.78","16170","0"
"630","1","Hawaiian","Allegiant","283846","406062","974254","1161735","0.00","0.00","0.29","0.35","4.97","16.41","0","135"
"631","1","Jetblue","Spirit","18165240","2823656","48988935","8540784","0.00","0.00","0.37","0.33","16.17","14.37","2475","648"
"632","1","Comair","Virgin","512409","145536","1418873","389060","0.00","0.00","0.36","0.37","14.28","13.78","81","0"
"633","1","9","Virgin","1615","145536","7800","389060","0.00","0.00","0.21","0.37","2.97","13.78","0","0"
"634","1","Jetblue","Frontier","18165240","530019","48988935","1324472","0.00","0.00","0.37","0.40","16.17","14.50","2475","0"
"635","1","Northwest","Allegiant","1338000","406062","3203925","1161735","0.00","0.00","0.42","0.35","12.10","16.41","120","135"
"636","1","Horizon","Delux","25049","579635","88860","1483590","0.00","0.00","0.28","0.39","6.72","14.46","0","0"
"637","1","Endeavor","Atlantic","1635432","11143434","5993664","31170774","0.00","0.00","0.27","0.36","10.87","15.97","279","918"
"638","1","United","Spirit","139137108","2823656","429971388","8540784","0.00","0.00","0.32","0.33","12.70","14.37","10890","648"
"639","1","Atlantic","Alaska","11143434","3681525","31170774","11763350","0.00","0.00","0.36","0.31","15.97","7.98","918","825"
"640","1","Continental","Sky","4348960","2882553","10412030","8819493","0.00","0.00","0.42","0.33","12.91","12.56","480","0"
"641","1","Delta","Virgin","294308014","145536","1020209890","389060","0.00","0.00","0.29","0.37","9.97","13.78","16170","0"
"642","1","United","Endeavor","139137108","1635432","429971388","5993664","0.00","0.00","0.32","0.27","12.70","10.87","10890","279"
"643","1","Spirit","Frontier","2823656","530019","8540784","1324472","0.00","0.00","0.33","0.40","14.37","14.50","648","0"
"644","1","United","Republic","139137108","2947750","429971388","11138260","0.00","0.00","0.32","0.26","12.70","10.67","10890","450"
"645","1","United","Atlantic","139137108","11143434","429971388","31170774","0.00","0.00","0.32","0.36","12.70","15.97","10890","918"
"646","1","Jetblue","Republic","18165240","2947750","48988935","11138260","0.00","0.00","0.37","0.26","16.17","10.67","2475","450"
"647","1","Southwest","USAirways","421452433","1069473","1196851644","3113545","0.00","0.00","0.35","0.34","10.22","9.55","12045","90"
"648","1","Envoy","Atlantic","6369892","11143434","17740932","31170774","0.00","0.00","0.36","0.36","13.31","15.97","564","918"
"649","1","Air","Endeavor","529686","1635432","1482255","5993664","0.00","0.00","0.36","0.27","10.80","10.87","0","279"
"650","1","Delux","Virgin","579635","145536","1483590","389060","0.00","0.00","0.39","0.37","14.46","13.78","0","0"
"651","1","Virgin","Air","145536","529686","389060","1482255","0.00","0.00","0.37","0.36","13.78","10.80","0","0"
"652","1","Northwest","Endeavor","1338000","1635432","3203925","5993664","0.00","0.00","0.42","0.27","12.10","10.87","120","279"
"653","1","Virgin","United","145536","139137108","389060","429971388","0.00","0.00","0.37","0.32","13.78","12.70","0","10890"
"654","1","Spirit","Air","2823656","529686","8540784","1482255","0.00","0.00","0.33","0.36","14.37","10.80","648","0"
"655","1","Frontier","Republic","530019","2947750","1324472","11138260","0.00","0.00","0.40","0.26","14.50","10.67","0","450"
"656","1","Comair","Endeavor","512409","1635432","1418873","5993664","0.00","0.00","0.36","0.27","14.28","10.87","81","279"
"657","1","Northwest","Endeavor","1338000","1635432","3203925","5993664","0.00","0.00","0.42","0.27","12.10","10.87","120","279"
